-----------------------------------------------
-------------INSERINDO DADOS NO BD ------------
-----------------------------------------------

-- POPULAÇÃO DA TABELA USUARIO

INSERT INTO USUARIO (Login, Email, Telefone, Data_Nasc, Senha, Tipo_Usu) VALUES ('anapaia','anapaia@usp.br','11967398871','1992-01-08','iausdh', 'Aluno USP');
INSERT INTO USUARIO (Login, Email, Telefone, Data_Nasc, Senha, Tipo_Usu) VALUES ('aron2003','aron2003@usp.br','11966397761','2000-05-01','apokasd', 'Aluno USP');
INSERT INTO USUARIO (Login, Email, Telefone, Data_Nasc, Senha, Tipo_Usu) VALUES ('marcio55','marcio55@hotmail.com','19961797451','1994-01-07','spocdk', 'Aluno Fora');
INSERT INTO USUARIO (Login, Email, Telefone, Data_Nasc, Senha, Tipo_Usu) VALUES ('paulo96','paulo96@hotmail.com','27962697641','1998-03-11','wkodqp', 'Aluno Fora');
INSERT INTO USUARIO (Login, Email, Telefone, Data_Nasc, Senha, Tipo_Usu) VALUES ('abner21','abner21@hotmail.com','14963397661','1995-01-31','ijsduc', 'Aluno Fora');
INSERT INTO USUARIO (Login, Email, Telefone, Data_Nasc, Senha, Tipo_Usu) VALUES ('acaciojv','acaciojv@usbr','11964597571','1993-04-02','wpekqpw', 'Aluno USP');
INSERT INTO USUARIO (Login, Email, Telefone, Data_Nasc, Senha, Tipo_Usu) VALUES ('yurisan','yurisan@usp.br','11969497371','1982-09-03','qwdkpoc', 'Aluno USP');
INSERT INTO USUARIO (Login, Email, Telefone, Data_Nasc, Senha, Tipo_Usu) VALUES ('nicoleB','nicolleB@usp.br','11968392371','1991-10-08','pwoekdpj5', 'Aluno USP');
INSERT INTO USUARIO (Login, Email, Telefone, Data_Nasc, Senha, Tipo_Usu) VALUES ('giovanna88','giovanna88@gmail.com','67967597571','1995-11-09','ueyiuef6', 'Aluno Fora');
INSERT INTO USUARIO (Login, Email, Telefone, Data_Nasc, Senha, Tipo_Usu) VALUES ('leo85','leo85@usp.br','11964397456','1996-02-12','iwenoclks6', 'Aluno USP');
INSERT INTO USUARIO (Login, Email, Telefone, Data_Nasc, Senha, Tipo_Usu) VALUES ('annar','annar@usp.br','11968397764','1993-03-23','poqwjdiv9', 'Aluno USP');
INSERT INTO USUARIO (Login, Email, Telefone, Data_Nasc, Senha, Tipo_Usu) VALUES ('gustavot','gustavot@usp.br','11968397753','1990-08-24','cvbmxcv6', 'Aluno USP');
INSERT INTO USUARIO (Login, Email, Telefone, Data_Nasc, Senha, Tipo_Usu) VALUES ('navarro66','navarro66@usp.br','11968397734','1997-09-07','uefhiuh9', 'Aluno USP');
INSERT INTO USUARIO (Login, Email, Telefone, Data_Nasc, Senha, Tipo_Usu) VALUES ('barabra33','barbara33@usp.br','11968397728','1998-04-09','njkncvn7', 'Aluno USP');
INSERT INTO USUARIO (Login, Email, Telefone, Data_Nasc, Senha, Tipo_Usu) VALUES ('tiagodagos','tiagodagos@gmail.com','51968397457','1978-03-20','uweyriuy8', 'Aluno Fora');
INSERT INTO USUARIO (Login, Email, Telefone, Data_Nasc, Senha, Tipo_Usu) VALUES ('vanderlei77','vanderlei77@usp.br','11968566779','1989-08-30','rqwtredtr7', 'Convidado');
INSERT INTO USUARIO (Login, Email, Telefone, Data_Nasc, Senha, Tipo_Usu) VALUES ('Guidorizzi10','guidorizzi10@ime.usp.br','11983975662','1964-04-26','kppcd45', 'Convidado');
INSERT INTO USUARIO (Login, Email, Telefone, Data_Nasc, Senha, Tipo_Usu) VALUES ('vanessa25','vanessa25@usp.br','11948395667','1984-12-20','cksjncl22', 'Convidado');
INSERT INTO USUARIO (Login, Email, Telefone, Data_Nasc, Senha, Tipo_Usu) VALUES ('larisilva','larisilva@gmail.com','11958395579','1987-08-19','tqwueyt45', 'Convidado');
INSERT INTO USUARIO (Login, Email, Telefone, Data_Nasc, Senha, Tipo_Usu) VALUES ('joanasouza','joanasouza@usp.br','31938394370','1977-04-14','bjdncosd6', 'Professor Fora');
INSERT INTO USUARIO (Login, Email, Telefone, Data_Nasc, Senha, Tipo_Usu) VALUES ('joaovitor2','joaovitor2@usp.br','11928397660','1969-09-15','ieuyrwieu', 'Professor USP');
INSERT INTO USUARIO (Login, Email, Telefone, Data_Nasc, Senha, Tipo_Usu) VALUES ('julianab','julianab@hotmail.com','11918397441','1986-01-12','pcocsxc', 'Convidado');
INSERT INTO USUARIO (Login, Email, Telefone, Data_Nasc, Senha, Tipo_Usu) VALUES ('alessandrago','alessandrago@gmail.com','11908354751','1967-07-23','odisncvv', 'Professor USP');
INSERT INTO USUARIO (Login, Email, Telefone, Data_Nasc, Senha, Tipo_Usu) VALUES ('melissaestat','melissaestat@usp.br','11928397661','1976-10-05','wqiueoiqr', 'Professor USP');
INSERT INTO USUARIO (Login, Email, Telefone, Data_Nasc, Senha, Tipo_Usu) VALUES ('willrojas8','willrojas@usp.br','11958398881','1988-11-11','nxcbvhkja', 'Professor USP');
INSERT INTO USUARIO (Login, Email, Telefone, Data_Nasc, Senha, Tipo_Usu) VALUES ('walterviana','walterviana@hotmail.com','11938396751','1979-04-30','uhnficjsd', 'Professor USP');
INSERT INTO USUARIO (Login, Email, Telefone, Data_Nasc, Senha, Tipo_Usu) VALUES ('isa25','isa25@usp.br','14923394551','1987-02-28','oiajsdç', 'Professor Fora');
INSERT INTO USUARIO (Login, Email, Telefone, Data_Nasc, Senha, Tipo_Usu) VALUES ('gui1708','gui1708@usp.br','48975581200','1966-08-17','jhviod78', 'Professor Fora');
INSERT INTO USUARIO (Login, Email, Telefone, Data_Nasc, Senha, Tipo_Usu) VALUES ('rauloss','rauloss@usp.br','67956397774','1990-01-18','iowjdoia55', 'Professor Fora');
INSERT INTO USUARIO (Login, Email, Telefone, Data_Nasc, Senha, Tipo_Usu) VALUES ('tuana982','tuana982@hotmail.com','11945397567','1982-09-12','4684dscdc', 'Professor Fora');
INSERT INTO USUARIO (Login, Email, Telefone, Data_Nasc, Senha, Tipo_Usu) VALUES ('vera33','vera33@hotmail.com','11945375934','1989-02-18','iruhdosh', 'Professor USP');
INSERT INTO USUARIO (Login, Email, Telefone, Data_Nasc, Senha, Tipo_Usu) VALUES ('andressan','andressan@hotmail.com','67971568512','1984-01-13','sudhf', 'Aluno Fora');



-- POPULAÇÃO DA TABELA INSTITUTO

INSERT INTO INSTITUTO (CNPJ_Inst, Nome, CEP, Num_End, Logradouro, Email) VALUES ('63025530006226','Escola de Artes, Ciências e Humanidades','03828000',1000, 'Rua Arlindo Béttio','each@usp.br');
INSERT INTO INSTITUTO (CNPJ_Inst, Nome, CEP, Num_End, Logradouro, Email) VALUES ('63025530002158','Escola de Comunicações e Artes','05508020',443,'Avenida Professor Lúcio Martins Rodrigues','eca@usp.br');
INSERT INTO INSTITUTO (CNPJ_Inst, Nome, CEP, Num_End, Logradouro, Email) VALUES ('63025530002239','Escola de Educação Física e Esporte','05508030',65,'Avenida Professor Mello Moraes','eefe@usp.br');
INSERT INTO INSTITUTO (CNPJ_Inst, Nome, CEP, Num_End, Logradouro, Email) VALUES ('63025530002310','Escola de Enfermagem','05403000',419,'Avenida Doutor Enéas de Carvalho Aguiar','ee@usp.br');
INSERT INTO INSTITUTO (CNPJ_Inst, Nome, CEP, Num_End, Logradouro, Email) VALUES ('63025530002409','Escola Politécnica','05508010',380,'Avenida Professor Luciano Gualberto','poli@usp.br');
INSERT INTO INSTITUTO (CNPJ_Inst, Nome, CEP, Num_End, Logradouro, Email) VALUES ('63025530001186','Faculdade de Arquitetura e Urbanismo','05508080',876,'Rua do Lago','fau@usp.br');
INSERT INTO INSTITUTO (CNPJ_Inst, Nome, CEP, Num_End, Logradouro, Email) VALUES ('63025530001500','Faculdade de Ciências Farmacêuticas','05508000',580,'Avenida Professor Lineu Prestes','fcf@usp.br');
INSERT INTO INSTITUTO (CNPJ_Inst, Nome, CEP, Num_End, Logradouro, Email) VALUES ('63025530001429','Faculdade de Direito','01005010',95,'Largo São Francisco','fd@usp.br');
INSERT INTO INSTITUTO (CNPJ_Inst, Nome, CEP, Num_End, Logradouro, Email) VALUES ('63025530001267','Faculdade de Economia, Administração e Contabilidade','05508010',908,'Avenida Professor Luciano Gualberto','fea@usp.br');
INSERT INTO INSTITUTO (CNPJ_Inst, Nome, CEP, Num_End, Logradouro, Email) VALUES ('63025530001348','Faculdade de Educação','05508040',308,'Avenida da Universidade','fe@usp.br');
INSERT INTO INSTITUTO (CNPJ_Inst, Nome, CEP, Num_End, Logradouro, Email) VALUES ('63025530000104','Faculdade de Filosofia, Letras e Ciências Humanas','05508080',717,'Rua do Lago','fflch@usp.br');
INSERT INTO INSTITUTO (CNPJ_Inst, Nome, CEP, Num_End, Logradouro, Email) VALUES ('63025530001852','Faculdade de Medicina', '01246903',455,'Avenida Doutor Arnaldo','fm@usp.br');
INSERT INTO INSTITUTO (CNPJ_Inst, Nome, CEP, Num_End, Logradouro, Email) VALUES ('63025530001933','Faculdade de Medicina Veterinária e Zootecnia','05508270',87,'Avenida Professor Doutor Orlando Marques de Paiva','fmvz@usp.br');
INSERT INTO INSTITUTO (CNPJ_Inst, Nome, CEP, Num_End, Logradouro, Email) VALUES ('63025530002077','Faculdade de Odontologia','05508000',2227,'Avenida Professor Lineu Prestes','fo@usp.br');
INSERT INTO INSTITUTO (CNPJ_Inst, Nome, CEP, Num_End, Logradouro, Email) VALUES ('63025530001771','Faculdade de Saúde Pública','01246904',715,'Avenida Doutor Arnaldo','fsp@usp.br');
INSERT INTO INSTITUTO (CNPJ_Inst, Nome, CEP, Num_End, Logradouro, Email) VALUES ('63025530003634','Instituto de Astronomia, Geofísica e Ciências Atmosféricas','05508090',1226,'Rua do Matão','iag@usp.br');
INSERT INTO INSTITUTO (CNPJ_Inst, Nome, CEP, Num_End, Logradouro, Email) VALUES ('63025530000457','Instituto de Biociências','05508090',321,'Rua do Matão','ib@usp.br');
INSERT INTO INSTITUTO (CNPJ_Inst, Nome, CEP, Num_End, Logradouro, Email) VALUES ('63025530000538','Instituto de Ciências Biomédicas','05508000',2415,'Avenida Professor Lineu Prestes','icb@usp.br');
INSERT INTO INSTITUTO (CNPJ_Inst, Nome, CEP, Num_End, Logradouro, Email) VALUES ('63025530004282','Instituto de Energia e Ambiente','05508010',1289,'Avenida Professor Luciano Gualberto','iee@usp.br');
INSERT INTO INSTITUTO (CNPJ_Inst, Nome, CEP, Num_End, Logradouro, Email) VALUES ('63025530008946','Instituto de Estudos Avançados','05508060',513,'Rua do Anfiteatro','iea@usp.br');
INSERT INTO INSTITUTO (CNPJ_Inst, Nome, CEP, Num_End, Logradouro, Email) VALUES ('63025530004525','Instituto de Estudos Brasileiros','05508010',78,'Avenida Professor Luciano Gualberto','ieb@usp.br');
INSERT INTO INSTITUTO (CNPJ_Inst, Nome, CEP, Num_End, Logradouro, Email) VALUES ('63025530000619','Instituto de Física','05508090',1371,'Rua do Matão','if@usp.br');
INSERT INTO INSTITUTO (CNPJ_Inst, Nome, CEP, Num_End, Logradouro, Email) VALUES ('63025530000708','Instituto de Geociências','05508080',562,'Rua do Lago','igc@usp.br');
INSERT INTO INSTITUTO (CNPJ_Inst, Nome, CEP, Num_End, Logradouro, Email) VALUES ('63025530000880','Instituto de Matemática e Estatística','05508090',1010,'Rua do Matão','ime@usp.br');
INSERT INTO INSTITUTO (CNPJ_Inst, Nome, CEP, Num_End, Logradouro, Email) VALUES ('63025530004100','Instituto de Medicina Tropical de São Paulo','05403000',470,'Avenida Doutor Enéas de Carvalho Aguiar','imtsp@usp.br');
INSERT INTO INSTITUTO (CNPJ_Inst, Nome, CEP, Num_End, Logradouro, Email) VALUES ('63025530001003','Instituto de Psicologia','05508030',1721,'Avenida Professor Mello Moraes','ip@usp.br');
INSERT INTO INSTITUTO (CNPJ_Inst, Nome, CEP, Num_End, Logradouro, Email) VALUES ('63025530000961','Instituto de Química','05508000',748,'Avenida Professor Lineu Prestes','iq@usp.br');
INSERT INTO INSTITUTO (CNPJ_Inst, Nome, CEP, Num_End, Logradouro, Email) VALUES ('63025530006307','Instituto de Relações Internacionais','05508020',440,'Avenida Professor Lúcio Martins Rodrigues','iri@usp.br');
INSERT INTO INSTITUTO (CNPJ_Inst, Nome, CEP, Num_End, Logradouro, Email) VALUES ('63025530003715','Instituto Oceanográfico','05508120',191,'Praça do Oceanográfico','io@usp.br');

-- POPULAÇÃO DA TABELA ALUNO

INSERT INTO ALUNO (Login) VALUES ('anapaia');
INSERT INTO ALUNO (Login) VALUES ('aron2003'); 
INSERT INTO ALUNO (Login) VALUES ('marcio55'); 
INSERT INTO ALUNO (Login) VALUES ('paulo96'); 
INSERT INTO ALUNO (Login) VALUES ('abner21'); 
INSERT INTO ALUNO (Login) VALUES ('acaciojv'); 
INSERT INTO ALUNO (Login) VALUES ('yurisan'); 
INSERT INTO ALUNO (Login) VALUES ('nicoleB'); 
INSERT INTO ALUNO (Login) VALUES ('giovanna88');
INSERT INTO ALUNO (Login) VALUES ('leo85');
INSERT INTO ALUNO (Login) VALUES ('annar');
INSERT INTO ALUNO (Login) VALUES ('gustavot'); 
INSERT INTO ALUNO (Login) VALUES ('navarro66'); 
INSERT INTO ALUNO (Login) VALUES ('barabra33'); 
INSERT INTO ALUNO (Login) VALUES ('tiagodagos'); 
INSERT INTO ALUNO (Login) VALUES ('andressan'); 

-- POPULAÇÃO DA TABELA ALUNO_FORA

INSERT INTO ALUNO_FORA (Num_Aluno_Conv, Login, Faculdade) VALUES ('872593','marcio55','UNICAMP');
INSERT INTO ALUNO_FORA (Num_Aluno_Conv, Login, Faculdade) VALUES ('155296','paulo96','UFES');
INSERT INTO ALUNO_FORA (Num_Aluno_Conv, Login, Faculdade) VALUES ('205983','abner21','UNESP');
INSERT INTO ALUNO_FORA (Num_Aluno_Conv, Login, Faculdade) VALUES ('325322','giovanna88','UFMS');
INSERT INTO ALUNO_FORA (Num_Aluno_Conv, Login, Faculdade) VALUES ('675651','tiagodagos','UFRS');
INSERT INTO ALUNO_FORA (Num_Aluno_Conv, Login, Faculdade) VALUES ('265874','andressan','UFMS');


-- POPULAÇÃO DA TABELA ALUNO_USP

INSERT INTO ALUNO_USP (Num_USP, Login, CNPJ_Inst) VALUES ('789456','anapaia','63025530006226');
INSERT INTO ALUNO_USP (Num_USP, Login, CNPJ_Inst) VALUES ('1265981','aron2003','63025530001933');
INSERT INTO ALUNO_USP (Num_USP, Login, CNPJ_Inst) VALUES ('15985108','acaciojv','63025530004282');
INSERT INTO ALUNO_USP (Num_USP, Login, CNPJ_Inst) VALUES ('56120357','yurisan','63025530000961');
INSERT INTO ALUNO_USP (Num_USP, Login, CNPJ_Inst) VALUES ('8045226','nicoleB','63025530000961');
INSERT INTO ALUNO_USP (Num_USP, Login, CNPJ_Inst) VALUES ('8536420','leo85','63025530003715');
INSERT INTO ALUNO_USP (Num_USP, Login, CNPJ_Inst) VALUES ('7089258','annar','63025530001852');
INSERT INTO ALUNO_USP (Num_USP, Login, CNPJ_Inst) VALUES ('45678236','gustavot','63025530002158');
INSERT INTO ALUNO_USP (Num_USP, Login, CNPJ_Inst) VALUES ('8943160','navarro66','63025530000880');
INSERT INTO ALUNO_USP (Num_USP, Login, CNPJ_Inst) VALUES ('9875219','barabra33','63025530000457');

-- POPULAÇÃO DA TABELA CONVIDADO

INSERT INTO CONVIDADO (Num_Conv, Login, Area_Trabalho) VALUES ('905055','larisilva','Estatística');
INSERT INTO CONVIDADO (Num_Conv, Login, Area_Trabalho) VALUES ('586250','julianab','Ciências Sociais');
INSERT INTO CONVIDADO (Num_Conv, Login, Area_Trabalho) VALUES ('275251','Guidorizzi10','Matemática');
INSERT INTO CONVIDADO (Num_Conv, Login, Area_Trabalho) VALUES ('705259','vanessa25','Genética');
INSERT INTO CONVIDADO (Num_Conv, Login, Area_Trabalho) VALUES ('859258','vanderlei77','Fisica Experimental');

-- POPULAÇÃO DA TABELA PROFESSOR

INSERT INTO PROFESSOR (Login, Area_De_Atuacao) VALUES ('joaovitor2','Estatística');
INSERT INTO PROFESSOR (Login, Area_De_Atuacao) VALUES ('alessandrago','Botânica');
INSERT INTO PROFESSOR (Login, Area_De_Atuacao) VALUES ('melissaestat','Fisica Quantica');
INSERT INTO PROFESSOR (Login, Area_De_Atuacao) VALUES ('willrojas8','Quimica Organica');
INSERT INTO PROFESSOR (Login, Area_De_Atuacao) VALUES ('walterviana','Linguistica');
INSERT INTO PROFESSOR (Login, Area_De_Atuacao) VALUES ('isa25','Enfermagem');
INSERT INTO PROFESSOR (Login, Area_De_Atuacao) VALUES ('gui1708','Estatística');
INSERT INTO PROFESSOR (Login, Area_De_Atuacao) VALUES ('rauloss','Educação');
INSERT INTO PROFESSOR (Login, Area_De_Atuacao) VALUES ('tuana982','Nano Tecnologia');
INSERT INTO PROFESSOR (Login, Area_De_Atuacao) VALUES ('joanasouza','Matemática');
INSERT INTO PROFESSOR (Login, Area_De_Atuacao) VALUES ('vera33','Fisica Experimental');

-- POPULAÇÃO DA TABELA PROF_FORAÉ

INSERT INTO PROF_FORA (Num_Prof_Conv, Login, Faculdade) VALUES ('12345','isa25','UNESP');
INSERT INTO PROF_FORA (Num_Prof_Conv, Login, Faculdade) VALUES ('12346','gui1708','UFSC');
INSERT INTO PROF_FORA (Num_Prof_Conv, Login, Faculdade) VALUES ('12347','rauloss','UFMS');
INSERT INTO PROF_FORA (Num_Prof_Conv, Login, Faculdade) VALUES ('12348','tuana982','IFSP');
INSERT INTO PROF_FORA (Num_Prof_Conv, Login, Faculdade) VALUES ('12349','joanasouza','UFMG');

-- POPULAÇÃO DA TABELA PROF_USP

INSERT INTO PROF_USP (Num_USP, Login, CNPJ_Inst) VALUES ('1237894','joaovitor2','63025530000880');
INSERT INTO PROF_USP (Num_USP, Login, CNPJ_Inst) VALUES ('567952','alessandrago','63025530000457');
INSERT INTO PROF_USP (Num_USP, Login, CNPJ_Inst) VALUES ('788230','melissaestat','63025530000619');
INSERT INTO PROF_USP (Num_USP, Login, CNPJ_Inst) VALUES ('159548','willrojas8','63025530000961');
INSERT INTO PROF_USP (Num_USP, Login, CNPJ_Inst) VALUES ('809203','walterviana','63025530000104');
INSERT INTO PROF_USP (Num_USP, Login, CNPJ_Inst) VALUES ('905232','vera33','63025530000619');

-- POPULAÇÃO DA TABELA PALESTRANTE

INSERT INTO PALESTRANTE (Id_Palestrante, Login) VALUES ('0001','joaovitor2');
INSERT INTO PALESTRANTE (Id_Palestrante, Login) VALUES ('0002','alessandrago');
INSERT INTO PALESTRANTE (Id_Palestrante, Login) VALUES ('0003','gui1708');
INSERT INTO PALESTRANTE (Id_Palestrante, Login) VALUES ('0004','joanasouza');
INSERT INTO PALESTRANTE (Id_Palestrante, Login) VALUES ('0005','walterviana');

-- POPULAÇÃO DA TABELA LINGUA_PALESTRANTE

INSERT INTO LINGUA_PALESTRANTE (Lingua, Id_Palestrante) VALUES ('Português','0001');
INSERT INTO LINGUA_PALESTRANTE (Lingua, Id_Palestrante) VALUES ('Português','0005');
INSERT INTO LINGUA_PALESTRANTE (Lingua, Id_Palestrante) VALUES ('Português','0004');
INSERT INTO LINGUA_PALESTRANTE (Lingua, Id_Palestrante) VALUES ('Português','0003');
INSERT INTO LINGUA_PALESTRANTE (Lingua, Id_Palestrante) VALUES ('Espanhol','0002');
INSERT INTO LINGUA_PALESTRANTE (Lingua, Id_Palestrante) VALUES ('Espanhol','0005');
INSERT INTO LINGUA_PALESTRANTE (Lingua, Id_Palestrante) VALUES ('Espanhol','0001');
INSERT INTO LINGUA_PALESTRANTE (Lingua, Id_Palestrante) VALUES ('Inglês','0003');
INSERT INTO LINGUA_PALESTRANTE (Lingua, Id_Palestrante) VALUES ('Inglês','0001');
INSERT INTO LINGUA_PALESTRANTE (Lingua, Id_Palestrante) VALUES ('Inglês','0004');

-- POPULAÇÃO DA TABELA SALA

INSERT INTO SALA (N_Sala, Bloco, Andar, Disp_Sala, CNPJ_Inst) VALUES (01,'A',1,TRUE,'63025530000619');
INSERT INTO SALA (N_Sala, Bloco, Andar, Disp_Sala, CNPJ_Inst) VALUES (02,'A',1,TRUE,'63025530006226');
INSERT INTO SALA (N_Sala, Bloco, Andar, Disp_Sala, CNPJ_Inst) VALUES (03,'C',2,TRUE,'63025530001852');
INSERT INTO SALA (N_Sala, Bloco, Andar, Disp_Sala, CNPJ_Inst) VALUES (01,'F',1,TRUE,'63025530002158');
INSERT INTO SALA (N_Sala, Bloco, Andar, Disp_Sala, CNPJ_Inst) VALUES (03,'A',1,TRUE,'63025530002239');
INSERT INTO SALA (N_Sala, Bloco, Andar, Disp_Sala, CNPJ_Inst) VALUES (04,'A',2,TRUE,'63025530002310');
INSERT INTO SALA (N_Sala, Bloco, Andar, Disp_Sala, CNPJ_Inst) VALUES (10,'B',3,TRUE,'63025530002409');
INSERT INTO SALA (N_Sala, Bloco, Andar, Disp_Sala, CNPJ_Inst) VALUES (14,'B',1,TRUE,'63025530001186');
INSERT INTO SALA (N_Sala, Bloco, Andar, Disp_Sala, CNPJ_Inst) VALUES (12,'D',1,TRUE,'63025530001500');
INSERT INTO SALA (N_Sala, Bloco, Andar, Disp_Sala, CNPJ_Inst) VALUES (04,'D',1,TRUE,'63025530001429');
INSERT INTO SALA (N_Sala, Bloco, Andar, Disp_Sala, CNPJ_Inst) VALUES (03,'G',1,TRUE,'63025530001348');
INSERT INTO SALA (N_Sala, Bloco, Andar, Disp_Sala, CNPJ_Inst) VALUES (09,'A',2,TRUE,'63025530000104');
INSERT INTO SALA (N_Sala, Bloco, Andar, Disp_Sala, CNPJ_Inst) VALUES (08,'B',1,TRUE,'63025530001933');
INSERT INTO SALA (N_Sala, Bloco, Andar, Disp_Sala, CNPJ_Inst) VALUES (07,'C',1,TRUE,'63025530001771');
INSERT INTO SALA (N_Sala, Bloco, Andar, Disp_Sala, CNPJ_Inst) VALUES (16,'G',1,TRUE,'63025530003634');
INSERT INTO SALA (N_Sala, Bloco, Andar, Disp_Sala, CNPJ_Inst) VALUES (17,'C',3,TRUE,'63025530000457');
INSERT INTO SALA (N_Sala, Bloco, Andar, Disp_Sala, CNPJ_Inst) VALUES (15,'C',1,TRUE,'63025530000538');
INSERT INTO SALA (N_Sala, Bloco, Andar, Disp_Sala, CNPJ_Inst) VALUES (25,'A',1,TRUE,'63025530004282');
INSERT INTO SALA (N_Sala, Bloco, Andar, Disp_Sala, CNPJ_Inst) VALUES (22,'A',2,TRUE,'63025530008946');
INSERT INTO SALA (N_Sala, Bloco, Andar, Disp_Sala, CNPJ_Inst) VALUES (13,'D',1,TRUE,'63025530004525');
INSERT INTO SALA (N_Sala, Bloco, Andar, Disp_Sala, CNPJ_Inst) VALUES (14,'D',1,TRUE,'63025530000708');
INSERT INTO SALA (N_Sala, Bloco, Andar, Disp_Sala, CNPJ_Inst) VALUES (13,'C',1,TRUE,'63025530004100');
INSERT INTO SALA (N_Sala, Bloco, Andar, Disp_Sala, CNPJ_Inst) VALUES (12,'H',2,TRUE,'63025530001003');
INSERT INTO SALA (N_Sala, Bloco, Andar, Disp_Sala, CNPJ_Inst) VALUES (10,'A',1,TRUE,'63025530000961');
INSERT INTO SALA (N_Sala, Bloco, Andar, Disp_Sala, CNPJ_Inst) VALUES (23,'D',1,TRUE,'63025530006307');
INSERT INTO SALA (N_Sala, Bloco, Andar, Disp_Sala, CNPJ_Inst) VALUES (22,'F',2,TRUE,'63025530003715');
INSERT INTO SALA (N_Sala, Bloco, Andar, Disp_Sala, CNPJ_Inst) VALUES (01,'F',1,TRUE,'63025530000880');

-- POPULAÇÃO DA TABELA PALESTRA_FISICA

INSERT INTO PALESTRA_FISICA (Id_Pale_Fisi, Titulo, Duracao, Horario, Data, Idioma, CNPJ_Inst) VALUES ('001','Estatística aplicada ao Machine Leraning','01:40','13:00','2018-09-26','Português','63025530000619');
INSERT INTO PALESTRA_FISICA (Id_Pale_Fisi, Titulo, Duracao, Horario, Data, Idioma, CNPJ_Inst) VALUES ('002','Linguagens e seus paradigmas','01:00','12:00','2018-10-30','Português','63025530006226');
INSERT INTO PALESTRA_FISICA (Id_Pale_Fisi, Titulo, Duracao, Horario, Data, Idioma, CNPJ_Inst) VALUES ('003','Botánica en el Contexto Cósmico','01:00','12:30','2018-12-02','Espanhol','63025530000880');
INSERT INTO PALESTRA_FISICA (Id_Pale_Fisi, Titulo, Duracao, Horario, Data, Idioma, CNPJ_Inst) VALUES ('004','Etnobotánica de los pueblos mayas de Guatemala','01:30','19:00','2018-11-15','Espanhol','63025530006226');
INSERT INTO PALESTRA_FISICA (Id_Pale_Fisi, Titulo, Duracao, Horario, Data, Idioma, CNPJ_Inst) VALUES ('005','Regression with statistics','01:00','18:30','2018-08-22','Inglês','63025530001852');	

-- POPULAÇÃO DA TABELA DISPONIBILIDADE

INSERT INTO DISPONIBILIDADE (Disponibilidade, Id_Palestrante) VALUES ('2018-09-26','0001');
INSERT INTO DISPONIBILIDADE (Disponibilidade, Id_Palestrante) VALUES ('2018-12-02','0002');
INSERT INTO DISPONIBILIDADE (Disponibilidade, Id_Palestrante) VALUES ('2018-08-25','0001');
INSERT INTO DISPONIBILIDADE (Disponibilidade, Id_Palestrante) VALUES ('2018-08-22','0005');
INSERT INTO DISPONIBILIDADE (Disponibilidade, Id_Palestrante) VALUES ('2018-10-30','0002');
INSERT INTO DISPONIBILIDADE (Disponibilidade, Id_Palestrante) VALUES ('2018-11-14','0004');
INSERT INTO DISPONIBILIDADE (Disponibilidade, Id_Palestrante) VALUES ('2018-08-22','0003');
INSERT INTO DISPONIBILIDADE (Disponibilidade, Id_Palestrante) VALUES ('2018-11-15','0002');
INSERT INTO DISPONIBILIDADE (Disponibilidade, Id_Palestrante) VALUES ('2018-08-28','0005');
INSERT INTO DISPONIBILIDADE (Disponibilidade, Id_Palestrante) VALUES ('2018-02-23','0003');

-- POPULAÇÃO DA TABELA ASSISTE

INSERT INTO ASSISTE (Id_Pale_Fisi, Login) VALUES ('001','anapaia');
INSERT INTO ASSISTE (Id_Pale_Fisi, Login) VALUES ('001','aron2003'); 
INSERT INTO ASSISTE (Id_Pale_Fisi, Login) VALUES ('002','marcio55'); 
INSERT INTO ASSISTE (Id_Pale_Fisi, Login) VALUES ('003','paulo96'); 
INSERT INTO ASSISTE (Id_Pale_Fisi, Login) VALUES ('005','abner21'); 
INSERT INTO ASSISTE (Id_Pale_Fisi, Login) VALUES ('005','acaciojv'); 
INSERT INTO ASSISTE (Id_Pale_Fisi, Login) VALUES ('001','yurisan'); 
INSERT INTO ASSISTE (Id_Pale_Fisi, Login) VALUES ('002','nicoleB'); 
INSERT INTO ASSISTE (Id_Pale_Fisi, Login) VALUES ('004','giovanna88');
INSERT INTO ASSISTE (Id_Pale_Fisi, Login) VALUES ('004','leo85');
INSERT INTO ASSISTE (Id_Pale_Fisi, Login) VALUES ('002','annar');
INSERT INTO ASSISTE (Id_Pale_Fisi, Login) VALUES ('001','gustavot'); 
INSERT INTO ASSISTE (Id_Pale_Fisi, Login) VALUES ('004','navarro66'); 
INSERT INTO ASSISTE (Id_Pale_Fisi, Login) VALUES ('002','barabra33'); 
INSERT INTO ASSISTE (Id_Pale_Fisi, Login) VALUES ('003','tiagodagos'); 
INSERT INTO ASSISTE (Id_Pale_Fisi, Login) VALUES ('002','larisilva');
INSERT INTO ASSISTE (Id_Pale_Fisi, Login) VALUES ('001','julianab');
INSERT INTO ASSISTE (Id_Pale_Fisi, Login) VALUES ('005','Guidorizzi10');
INSERT INTO ASSISTE (Id_Pale_Fisi, Login) VALUES ('003','vanessa25');
INSERT INTO ASSISTE (Id_Pale_Fisi, Login) VALUES ('004','vanderlei77');
INSERT INTO ASSISTE (Id_Pale_Fisi, Login) VALUES ('003','melissaestat');
INSERT INTO ASSISTE (Id_Pale_Fisi, Login) VALUES ('002','willrojas8');
INSERT INTO ASSISTE (Id_Pale_Fisi, Login) VALUES ('005','isa25');
INSERT INTO ASSISTE (Id_Pale_Fisi, Login) VALUES ('001','rauloss');
INSERT INTO ASSISTE (Id_Pale_Fisi, Login) VALUES ('003','tuana982');
INSERT INTO ASSISTE (Id_Pale_Fisi, Login) VALUES ('001','andressan');

-- POPULAÇÃO DA TABELA REALIZACAO

INSERT INTO REALIZACAO (Id_Pale_Fisi, Id_Palestrante) VALUES ('001','0001');
INSERT INTO REALIZACAO (Id_Pale_Fisi, Id_Palestrante) VALUES ('002','0005');
INSERT INTO REALIZACAO (Id_Pale_Fisi, Id_Palestrante) VALUES ('003','0002');
INSERT INTO REALIZACAO (Id_Pale_Fisi, Id_Palestrante) VALUES ('004','0002');
INSERT INTO REALIZACAO (Id_Pale_Fisi, Id_Palestrante) VALUES ('005','0003');

-- POPULAÇÃO DA TABELA TELEFONE_INSTITUTO

INSERT INTO TELEFONE_INSTITUTO (Telefone, CNPJ_Inst) VALUES ('1130911234','63025530006226');
INSERT INTO TELEFONE_INSTITUTO (Telefone, CNPJ_Inst) VALUES ('1130911235','63025530002158');
INSERT INTO TELEFONE_INSTITUTO (Telefone, CNPJ_Inst) VALUES ('1130911236','63025530002239');
INSERT INTO TELEFONE_INSTITUTO (Telefone, CNPJ_Inst) VALUES ('1130911237','63025530002310');
INSERT INTO TELEFONE_INSTITUTO (Telefone, CNPJ_Inst) VALUES ('1130911238','63025530002409');
INSERT INTO TELEFONE_INSTITUTO (Telefone, CNPJ_Inst) VALUES ('1130911239','63025530001186');
INSERT INTO TELEFONE_INSTITUTO (Telefone, CNPJ_Inst) VALUES ('1130911240','63025530001500');
INSERT INTO TELEFONE_INSTITUTO (Telefone, CNPJ_Inst) VALUES ('1130911241','63025530001429');
INSERT INTO TELEFONE_INSTITUTO (Telefone, CNPJ_Inst) VALUES ('1130911242','63025530001267');
INSERT INTO TELEFONE_INSTITUTO (Telefone, CNPJ_Inst) VALUES ('1130911243','63025530001348');
INSERT INTO TELEFONE_INSTITUTO (Telefone, CNPJ_Inst) VALUES ('1130911244','63025530000104');
INSERT INTO TELEFONE_INSTITUTO (Telefone, CNPJ_Inst) VALUES ('1130911245','63025530001852');
INSERT INTO TELEFONE_INSTITUTO (Telefone, CNPJ_Inst) VALUES ('1130911246','63025530001933');
INSERT INTO TELEFONE_INSTITUTO (Telefone, CNPJ_Inst) VALUES ('1130911247','63025530002077');
INSERT INTO TELEFONE_INSTITUTO (Telefone, CNPJ_Inst) VALUES ('1130911248','63025530001771');
INSERT INTO TELEFONE_INSTITUTO (Telefone, CNPJ_Inst) VALUES ('1130911249','63025530003634');
INSERT INTO TELEFONE_INSTITUTO (Telefone, CNPJ_Inst) VALUES ('1130911250','63025530000457');
INSERT INTO TELEFONE_INSTITUTO (Telefone, CNPJ_Inst) VALUES ('1130911251','63025530000538');
INSERT INTO TELEFONE_INSTITUTO (Telefone, CNPJ_Inst) VALUES ('1130911252','63025530004282');
INSERT INTO TELEFONE_INSTITUTO (Telefone, CNPJ_Inst) VALUES ('1130911253','63025530008946');
INSERT INTO TELEFONE_INSTITUTO (Telefone, CNPJ_Inst) VALUES ('1130911254','63025530004525');
INSERT INTO TELEFONE_INSTITUTO (Telefone, CNPJ_Inst) VALUES ('1130911255','63025530000619');
INSERT INTO TELEFONE_INSTITUTO (Telefone, CNPJ_Inst) VALUES ('1130911256','63025530000708');
INSERT INTO TELEFONE_INSTITUTO (Telefone, CNPJ_Inst) VALUES ('1130911257','63025530000880');
INSERT INTO TELEFONE_INSTITUTO (Telefone, CNPJ_Inst) VALUES ('1130911258','63025530004100');
INSERT INTO TELEFONE_INSTITUTO (Telefone, CNPJ_Inst) VALUES ('1130911259','63025530001003');
INSERT INTO TELEFONE_INSTITUTO (Telefone, CNPJ_Inst) VALUES ('1130911260','63025530000961');
INSERT INTO TELEFONE_INSTITUTO (Telefone, CNPJ_Inst) VALUES ('1130911261','63025530006307');
INSERT INTO TELEFONE_INSTITUTO (Telefone, CNPJ_Inst) VALUES ('1130911262','63025530003715');

-----------------------------------------------
------------------- FIM -----------------------
-----------------------------------------------